{
  "is Spinning" : false,
  "strength_noise": 0.009999999776482582,
  "boidMove": 0,
  "borderType": 0,
  "gravity_angle": 0,
  "connectionsType": 1,
  "parametersToggle": [
    true,
    true
  ],
  "origin": 1,
  "maxspeed": 16.001998901367188,
  "coh_r": 100,
  "connectionsDisplayed": true,
 "particlesDisplayed" : false,
  "red": 73,
  "separation": 1.5,
  "sep_r": 24.505882263183594,
  "symmetry": 1,
  "spin_speed": 0.10000000149011612,
  "alpha": 200,
  "noise": 1.1088999509811401,
  "ali_r": 100,
  "random_r": false,
  "randomBrightness": 128,
  "boidType": 9,
  "maxConnections": 7,
  "randomBlue": 58,
  "forceToggle": [
    false,
    true,
    true,
    false,
    true
  ],
  "randomRed": 0,
  "green": 36,
  "flockForceToggle": [
    true,
    true,
    true
  ],
  "d_max": 35.93000030517578,
  "shining_phase": 1,
  "cloud_spreading": 31.77777862548828,
  "ff_strength": 1,
  "friction": 1,
  "maxforce": 0.029999999329447746,
  "size": 27.367273330688477,
  "blue": 233,
  "shining_frequence": 0.043000005185604095,
  "gravity": 0.2094999998807907,
  "randomGreen": 82,
  "cohesion": 1,
  "alignment": 1,
  "trailLength": 0
}