{
  "strength_noise": 0.009999999776482582,
  "boidMove": 2,
  "borderType": 2,
  "gravity_angle": 0,
  "connectionsType": 0,
  "parametersToggle": [
    true,
    true
  ],
  "origin": 1,
  "maxspeed": 12.603699684143066,
  "coh_r": 100,
  "connectionsDisplayed": false,
  "is Spinning": true,
  "red": 181,
  "separation": 0.4324705898761749,
  "sep_r": 50,
  "symmetry": 2,
  "spin_speed": 3.6999995708465576,
  "alpha": 71.4000015258789,
  "noise": 1.6083998680114746,
  "ali_r": 12.752941131591797,
  "randomBrightness": 200,
  "random_r": false,
  "boidType": 13,
  "maxConnections": 3,
  "randomBlue": 45,
  "forceToggle": [
    true,
    false,
    false,
    false,
    true
  ],
  "randomRed": 19,
  "green": 172,
  "flockForceToggle": [
    true,
    true,
    false
  ],
  "particlesDisplayed": true,
  "d_max": 500,
  "shining_phase": 1,
  "cloud_spreading": 26.33333396911621,
  "friction": 1,
  "maxforce": 0.03970000147819519,
  "size": 100,
  "blue": 121,
  "shining_frequence": 0.020999999716877937,
  "gravity": 1,
  "randomGreen": 0,
  "cohesion": 1,
  "alignment": 0.19776470959186554,
  "trailLength": 0
}